ID,name,position,method,timestamp,comment
STD-L,test1,1001,./Methods/Method-GC_2ml_Overpressure.met,,
N2 check 30 HK176n,,1002,./Methods/Method-GC_2ml_Overpressure.met,,
Std check 90 HK176n,,1003,./Methods/Method-GC_2ml_Overpressure.met,,
HK176n-3-3 C 60,,1004,./Methods/Method-GC_2ml_Overpressure.met,,
HK176n-3-3 B 60,,1005,./Methods/Method-GC_2ml_Overpressure.met,,
HK176n-3-3C 90,,1006,./Methods/Method-GC_2ml_Overpressure.met,,
HK176n-3-3B 90,,1007,./Methods/Method-GC_2ml_Overpressure.met,,
CRn N2 check 30,,1008,./Methods/Method-GC_2ml_Overpressure.met,,
CRf N2 check 30,,1009,./Methods/Method-GC_2ml_Overpressure.met,,
CRn STD check 30,,1010,./Methods/Method-GC_2ml_Overpressure.met,,
CRf Std check 30,,1011,./Methods/Method-GC_2ml_Overpressure.met,,
CRn Std check 90,,1012,./Methods/Method-GC_2ml_Overpressure.met,,
STD-L,,1013,./Methods/Method-GC_2ml_Overpressure.met,,
CRf Std check 90,,1014,./Methods/Method-GC_2ml_Overpressure.met,,
CRn N2 check 90,,1015,./Methods/Method-GC_2ml_Overpressure.met,,
CRf N2 check 90,,1016,./Methods/Method-GC_2ml_Overpressure.met,,
HK35n-1-1B 30 1:20,,1017,./Methods/Method-GC_2ml_Overpressure.met,,
HK35n-1-1C 30 1:20,,1018,./Methods/Method-GC_2ml_Overpressure.met,,
HK35n-1-1B 60 1:20,,1019,./Methods/Method-GC_2ml_Overpressure.met,,
HK35n-1-1C 60 1:20,,1020,./Methods/Method-GC_2ml_Overpressure.met,,
HK35n-1-1B 90 1:20,,1021,./Methods/Method-GC_2ml_Overpressure.met,,
HK35n-1-1C 90 1:20,,1022,./Methods/Method-GC_2ml_Overpressure.met,,
WA1013n-1-2 90 1:20,,1023,./Methods/Method-GC_2ml_Overpressure.met,,
STD-L,,1024,./Methods/Method-GC_2ml_Overpressure.met,,
